{"name":"8d9be0ac-b348-4b3f-84f6-51fcd578d61d","id":"/providers/Microsoft.Flow/flows/8d9be0ac-b348-4b3f-84f6-51fcd578d61d","type":"Microsoft.Flow/flows","properties":{"apiId":"/providers/Microsoft.PowerApps/apis/shared_logicflows","displayName":"Setup Out of Office communications","definition":{"metadata":{"workflowEntityId":null,"creator":{"id":"0d89ffa1-675f-492a-a891-2c468102eefa","type":"User","tenantId":"d1af847b-2ce1-44cb-bb50-d5802bb43c8b"},"provisioningMethod":"FromDefinition","failureAlertSubscription":true,"clientLastModifiedTime":"2019-07-03T01:07:24.1254353Z"},"$schema":"https://schema.management.azure.com/providers/Microsoft.Logic/schemas/2016-06-01/workflowdefinition.json#","contentVersion":"1.0.0.0","parameters":{"$connections":{"defaultValue":{},"type":"Object"},"$authentication":{"defaultValue":{},"type":"SecureObject"}},"triggers":{"manual":{"type":"Request","kind":"Button","inputs":{"schema":{"type":"object","required":["text_1","text"],"properties":{"text_1":{"type":"string","x-ms-dynamically-added":true,"description":"Please enter your input","title":"Notification Type","x-ms-content-hint":"TEXT","enum":["WFH","OUT","SICK","LATE"]},"text":{"type":"string","x-ms-dynamically-added":true,"description":"Please enter the details for notification.","title":"Notification Detail","x-ms-content-hint":"TEXT"},"date":{"type":"string","format":"date","x-ms-dynamically-added":true,"description":"Please enter or select a date (YYYY-MM-DD)","title":"Return Date","x-ms-content-hint":"DATE"},"boolean":{"type":"boolean","x-ms-dynamically-added":true,"description":"Please select yes or no","title":"Create Out of Office","x-ms-content-hint":"BOOLEAN"},"email":{"type":"string","format":"email","x-ms-dynamically-added":true,"description":"Please enter an e-mail address","title":"Additional Notification People","x-ms-content-hint":"EMAIL"}}},"headersSchema":{"x-ms-user-name-encoded":{"type":"string","title":"User name","format":"byte"},"x-ms-user-email-encoded":{"type":"string","title":"User email","format":"byte"},"x-ms-user-timestamp":{"type":"string","title":"Timestamp"}}}}},"actions":{"Get_my_profile":{"runAfter":{},"metadata":{"flowSystemMetadata":{"swaggerOperationId":"MyProfile"}},"type":"ApiConnection","inputs":{"host":{"connection":{"name":"@json(decodeBase64(triggerOutputs().headers['X-MS-APIM-Tokens']))['$connections']['shared_office365users_2']['connectionId']"},"api":{"runtimeUrl":"https://australia-001.azure-apim.net/apim/office365users"}},"method":"get","path":"/users/me","authentication":{"type":"Raw","value":"@json(decodeBase64(triggerOutputs().headers['X-MS-APIM-Tokens']))['$ConnectionKey']"}}},"Send_Email_to_Manager":{"runAfter":{"Switch_Email_Message":["Succeeded"]},"metadata":{"flowSystemMetadata":{"swaggerOperationId":"SendEmail"}},"type":"ApiConnection","inputs":{"host":{"connection":{"name":"@json(decodeBase64(triggerOutputs().headers['X-MS-APIM-Tokens']))['$connections']['shared_office365_1']['connectionId']"},"api":{"runtimeUrl":"https://australia-001.azure-apim.net/apim/office365"}},"method":"post","body":{"To":"@body('Find_my_Manager')?['mail']","Subject":"@{triggerBody()['text_1']} notification - @{triggerBody()['text']}","Body":"@variables('emailmessage')","Cc":"@{triggerBody()?['email']}","IsHtml":true},"path":"/Mail","authentication":{"type":"Raw","value":"@json(decodeBase64(triggerOutputs().headers['X-MS-APIM-Tokens']))['$ConnectionKey']"}}},"Initialize_Teams_Message_with_WFH":{"runAfter":{"Find_my_Manager":["Succeeded"]},"type":"InitializeVariable","inputs":{"variables":[{"name":"teamsmessagedetails","type":"String","value":"I am working from home today, you can contact me on the usual channels, if urgent call me or send me a text message."}]}},"Switch_Teams_Message":{"runAfter":{"Initialize_Teams_Message_with_WFH":["Succeeded"]},"cases":{"Case_Sick":{"case":"SICK","actions":{"Set_Teams_message_for_Away_Sick":{"runAfter":{},"type":"SetVariable","inputs":{"name":"teamsmessagedetails","value":"I am away sick today.@{if(not(equals(triggerBody()['date'],null)),concat(' I am expected to return on ',formatDateTime(triggerBody()['date'],'dd/MM/yyyy'),'.'),'')} Will not be monitoring the usual channels. If it is something urgent, please contact Andrew Taylor or Jeff Wogen."}}}},"Case_Out":{"case":"OUT","actions":{"Set_Teams_message_to_Out_of_Office":{"runAfter":{},"type":"SetVariable","inputs":{"name":"teamsmessagedetails","value":"I am currently out of office.@{if(not(equals(triggerBody()['date'],null)),concat(' I am expected to return on ',formatDateTime(triggerBody()['date'],'dd/MM/yyyy'),'.'),'')} I might not be monitoring the usual channels, so if it is something urgent, please contact Andrew Taylor or Jeff Wogen."}}}},"Case_Late":{"case":"LATE","actions":{"Set_Teams_message_for_runing_late":{"runAfter":{},"type":"SetVariable","inputs":{"name":"teamsmessagedetails","value":"I am running late@{if(not(equals(coalesce(triggerBody()['text'],''),'')),concat(' - ',triggerBody()['text']),'')}."}}}}},"default":{"actions":{}},"expression":"@triggerBody()['text_1']","type":"Switch"},"Post_Notification_in_Teams":{"runAfter":{"Switch_Teams_Message":["Succeeded"]},"metadata":{"flowSystemMetadata":{"swaggerOperationId":"PostMessageToChannelV2"}},"type":"ApiConnection","inputs":{"host":{"connection":{"name":"@json(decodeBase64(triggerOutputs().headers['X-MS-APIM-Tokens']))['$connections']['shared_teams']['connectionId']"},"api":{"runtimeUrl":"https://australia-001.azure-apim.net/apim/teams"}},"method":"post","body":{"body":{"content":"@variables('teamsmessagedetails')","contentType":"text"},"subject":"@{triggerBody()['text_1']} - @{triggerBody()['text']}"},"path":"/beta/teams/@{encodeURIComponent('3ce13e0a-6e14-45a0-b46d-67fc1681115c')}/channels/@{encodeURIComponent('19:c26bf648ea9b486cb800cfc661bfafde@thread.skype')}/messages","authentication":{"type":"Raw","value":"@json(decodeBase64(triggerOutputs().headers['X-MS-APIM-Tokens']))['$ConnectionKey']"}}},"Initialize_Email_to_Manager_with_WFH":{"runAfter":{"Find_my_Manager":["Succeeded"]},"type":"InitializeVariable","inputs":{"variables":[{"name":"emailmessage","type":"String","value":"<html>\n<head>\n<style>\n  body {\n  text-align: left;\n  font-family: Tahoma;\n  font-size: 20px\n}\nh1, h2 {\n  display: inline-block;\n  background: #fff;\n}\nh1 {\n  font-size: 30px\n}\nh2 {\n  font-size: 20px;\n}\np{\n  padding-left:5em\n}\np.initial {\n  padding-left:0em\n}\np.footnote {\n  padding-left: 0em;\n  font-weight: bold;\n  font-style: italic;\n  font-size: 10px\n}\n</style>\n</head>\n<body>\n<p class=\"initial\">Hi there,</p>\n<p>I am working from home today because @{triggerBody()['text']}. You are receiving this message because you are on my list of people that should know my whereabouts all the time. The best way to contact me is using my mobile (+64 21 560 363) to call me or text me.</p>\n<p class=\"initial\">Cheers, Wagner.</p>\n<p class=\"footnote\">Powered by Microsoft Flow. If you want to use this flow, let me know and I can help you configure.</p>\n<body>\n</html>"}]}},"Switch_Email_Message":{"runAfter":{"Initialize_Email_to_Manager_with_WFH":["Succeeded"]},"cases":{"Case_Sick":{"case":"SICK","actions":{"Set_Email_message_for_Away_Sick":{"runAfter":{},"type":"SetVariable","inputs":{"name":"emailmessage","value":"<html>\n<head>\n<style>\n  body {\n  text-align: left;\n  font-family: Tahoma;\n  font-size: 20px\n}\nh1, h2 {\n  display: inline-block;\n  background: #fff;\n}\nh1 {\n  font-size: 30px\n}\nh2 {\n  font-size: 20px;\n}\np{\n  padding-left:5em\n}\np.initial {\n  padding-left:0em\n}\np.footnote {\n  padding-left: 0em;\n  font-weight: bold;\n  font-style: italic;\n  font-size: 10px\n}\n</style>\n</head>\n<body>\n<p class=\"initial\">Hi there,</p>\n<p>I am away sick today@{if(not(equals(triggerBody()['date'],null)),concat(' and I am expected to return on ',formatDateTime(triggerBody()['date'],'dd/MM/yyyy')),'')}. You are receiving this message because you are on my list of people that should know my whereabouts all the time. The best way to contact me is using my mobile (+64 21 560 363) to call me or text me.</p>\n<p class=\"initial\">Cheers, Wagner.</p>\n<p class=\"footnote\">Powered by Microsoft Flow. If you want to use this flow, let me know and I can help you configure.</p>\n<body>\n</html>"}}}},"Case_Out":{"case":"OUT","actions":{"Set_Email_message_for_Out_of_Office":{"runAfter":{},"type":"SetVariable","inputs":{"name":"emailmessage","value":"<html>\n<head>\n<style>\n  body {\n  text-align: left;\n  font-family: Tahoma;\n  font-size: 20px\n}\nh1, h2 {\n  display: inline-block;\n  background: #fff;\n}\nh1 {\n  font-size: 30px\n}\nh2 {\n  font-size: 20px;\n}\np{\n  padding-left:5em\n}\np.initial {\n  padding-left:0em\n}\np.footnote {\n  padding-left: 0em;\n  font-weight: bold;\n  font-style: italic;\n  font-size: 10px\n}\n</style>\n</head>\n<body>\n<p class=\"initial\">Hi there,</p>\n<p>I am currently out of the office@{if(not(equals(triggerBody()['date'],null)),concat(' and I am expected to return on ',formatDateTime(triggerBody()['date'],'dd/MM/yyyy')),'')}. You are receiving this message because you are on my list of people that should know my whereabouts all the time. The best way to contact me is using my mobile (+64 21 560 363) to call me or text me.</p>\n<p class=\"initial\">Cheers, Wagner.</p>\n<p class=\"footnote\">Powered by Microsoft Flow. If you want to use this flow, let me know and I can help you configure.</p>\n<body>\n</html>"}}}}},"default":{"actions":{}},"expression":"@triggerBody()['text_1']","type":"Switch"},"Create_Out_Of_Office_Decision":{"actions":{"Switch_Out_of_Ofice_Message":{"runAfter":{},"cases":{"Case_SICK":{"case":"SICK","actions":{"Set_Automatic_Replies_email_for_Away_Sick":{"runAfter":{},"type":"SetVariable","inputs":{"name":"oofemailmessage","value":"<html>\n<head>\n<style>\n  body {\n  text-align: left;\n  font-family: Tahoma;\n  font-size: 20px\n}\nh1, h2 {\n  display: inline-block;\n  background: #fff;\n}\nh1 {\n  font-size: 30px\n}\nh2 {\n  font-size: 20px;\n}\np{\n  padding-left:5em\n}\np.initial {\n  padding-left:0em\n}\np.footnote {\n  padding-left: 0em;\n  font-weight: bold;\n  font-style: italic;\n  font-size: 10px\n}\n</style>\n</head>\n<body>\n<p class=\"initial\">Hi there,</p>\n<p>I am away sick today@{if(not(equals(triggerBody()['date'],null)),concat(' and I am expected to return on ',formatDateTime(triggerBody()['date'],'dd/MM/yyyy')),'')}. During this time, I will not be monitoring my emails regularly. If urgent, please contact Andrew Taylor (andrew.taylor@theta.co.nz) and he will be able to get in touch</p>\n<p class=\"initial\">Cheers, Wagner.</p>\n<p class=\"footnote\">Powered by Microsoft Flow. If you want to use this flow, let me know and I can help you configure.</p>\n<body>\n</html>"}}}},"Case_OUT":{"case":"OUT","actions":{"Set_Automatic_Replies_email_for_Out_of_Office":{"runAfter":{},"type":"SetVariable","inputs":{"name":"oofemailmessage","value":"<html>\n<head>\n<style>\n  body {\n  text-align: left;\n  font-family: Tahoma;\n  font-size: 20px\n}\nh1, h2 {\n  display: inline-block;\n  background: #fff;\n}\nh1 {\n  font-size: 30px\n}\nh2 {\n  font-size: 20px;\n}\np{\n  padding-left:5em\n}\np.initial {\n  padding-left:0em\n}\np.footnote {\n  padding-left: 0em;\n  font-weight: bold;\n  font-style: italic;\n  font-size: 10px\n}\n</style>\n</head>\n<body>\n<p class=\"initial\">Hi there,</p>\n<p>I am currently out of office, @{triggerBody()['text']}@{if(not(equals(triggerBody()['date'],null)),concat(' and I am expected to return on ',formatDateTime(triggerBody()['date'],'dd/MM/yyyy')),'')}. During this time, I will not be monitoring my emails regularly. If urgent, please contact Andrew Taylor (andrew.taylor@theta.co.nz) and he will be able to get in touch</p>\n<p class=\"initial\">Cheers, Wagner.</p>\n<p class=\"footnote\">Powered by Microsoft Flow. If you want to use this flow, let me know and I can help you configure.</p>\n<body>\n</html>"}}}}},"default":{"actions":{}},"expression":"@triggerBody()['text_1']","type":"Switch"},"Setup_Out_of_Office":{"runAfter":{"Switch_Out_of_Ofice_Message":["Succeeded"]},"metadata":{"flowSystemMetadata":{"swaggerOperationId":"SetAutomaticRepliesSetting"}},"type":"ApiConnection","inputs":{"host":{"connection":{"name":"@json(decodeBase64(triggerOutputs().headers['X-MS-APIM-Tokens']))['$connections']['shared_office365_1']['connectionId']"},"api":{"runtimeUrl":"https://australia-001.azure-apim.net/apim/office365"}},"method":"post","body":{"Status":"Scheduled","ExternalAudience":"All","ScheduledStartDateTimeOffset":"@{utcNow()}","ScheduledEndDateTimeOffset":"@triggerBody()['date']","InternalReplyMessage":"@variables('oofemailmessage')","ExternalReplyMessage":"@variables('oofemailmessage')"},"path":"/AutomaticRepliesSetting","authentication":{"type":"Raw","value":"@json(decodeBase64(triggerOutputs().headers['X-MS-APIM-Tokens']))['$ConnectionKey']"}}}},"runAfter":{"Initialize_Automatic_Replies_email_with_WFH":["Succeeded"]},"expression":{"equals":["@variables('createoutofoffice')","@true"]},"type":"If"},"Initialize_Automatic_Replies_email_with_WFH":{"runAfter":{"Initialize_Out_of_Office_required":["Succeeded"]},"type":"InitializeVariable","inputs":{"variables":[{"name":"oofemailmessage","type":"String","value":"<html>\n<head>\n<style>\n  body {\n  text-align: left;\n  font-family: Tahoma;\n  font-size: 20px\n}\nh1, h2 {\n  display: inline-block;\n  background: #fff;\n}\nh1 {\n  font-size: 30px\n}\nh2 {\n  font-size: 20px;\n}\np{\n  padding-left:5em\n}\np.initial {\n  padding-left:0em\n}\np.footnote {\n  padding-left: 0em;\n  font-weight: bold;\n  font-style: italic;\n  font-size: 10px\n}\n</style>\n</head>\n<body>\n<p class=\"initial\">Hi there,</p>\n<p>I am am working from home today. I might delay in reply to your email, but will try to answer it as soon as possible. If urgent, please contact Andrew Taylor (andrew.taylor@theta.co.nz) and he will be able to get in touch</p>\n<p class=\"initial\">Cheers, Wagner.</p>\n<body>\n</html>"}]}},"Find_my_Manager":{"runAfter":{"Get_my_profile":["Succeeded"]},"metadata":{"flowSystemMetadata":{"swaggerOperationId":"Manager_V2"}},"type":"ApiConnection","inputs":{"host":{"connection":{"name":"@json(decodeBase64(triggerOutputs().headers['X-MS-APIM-Tokens']))['$connections']['shared_office365users']['connectionId']"},"api":{"runtimeUrl":"https://australia-001.azure-apim.net/apim/office365users"}},"method":"get","path":"/codeless/v1.0/users/@{encodeURIComponent(body('Get_my_profile')?['UserPrincipalName'])}/manager","authentication":{"type":"Raw","value":"@json(decodeBase64(triggerOutputs().headers['X-MS-APIM-Tokens']))['$ConnectionKey']"}}},"Initialize_Out_of_Office_required":{"runAfter":{"Find_my_Manager":["Succeeded"]},"type":"InitializeVariable","inputs":{"variables":[{"name":"createoutofoffice","type":"Boolean","value":"@coalesce(triggerBody()?['boolean'],false)"}]}}},"outputs":{},"description":"Setup WFH (Working from Home), SICK (Away Sick) or Out of Office (Away on client engagements, conferences, holidays) notifications by publishing the notification on a selected Teams channel, sending an email to manager (and optionally to other nominated people) and if requested, turning on automated replies on Outlook."},"connectionReferences":{"shared_office365users_2":{"connectionName":"shared-office365user-180e5b19-fdfa-46af-8689-7f88a5f2ca58","source":"Invoker","id":"/providers/Microsoft.PowerApps/apis/shared_office365users","tier":"NotSpecified"},"shared_office365_1":{"connectionName":"shared-office365-7a886029-bdc2-483d-8b9d-582c841de385","source":"Invoker","id":"/providers/Microsoft.PowerApps/apis/shared_office365","tier":"NotSpecified"},"shared_teams":{"connectionName":"shared-teams-f95f4668-ed2f-4b63-806c-218087bc40ad","source":"Invoker","id":"/providers/Microsoft.PowerApps/apis/shared_teams","tier":"NotSpecified"},"shared_office365users":{"connectionName":"shared-office365user-e57aeb5e-bd80-4bea-b92e-6f882de4bae0","source":"Invoker","id":"/providers/Microsoft.PowerApps/apis/shared_office365users","tier":"NotSpecified"}},"flowFailureAlertSubscribed":false}}